Order Region,Predicted_Prob,Actual,Shipping_Delay_Gap,Risk_Score,Risk_Category,AI_Summary
Canada,0.49528837,0.488008342,0.391032325,51.51900365,Low Risk,"In the Canadian region, the risk of shipping delays is relatively low, with a risk score of 51.5/100, and the predicted delay probability of 49.5% is closely aligned with the actual late rate of 48.8%, indicating a high degree of accuracy in our forecasting models. The average shipping delay gap of 0.39 days suggests that when delays do occur, they are relatively short-lived, with shipments being delivered less than half a day behind schedule, which can help mitigate the overall impact of disruptions on the supply chain."
Caribbean,0.53100866,0.530776629,0.546525607,59.40530954,Low Risk,"The Caribbean region presents a low risk to our supply chain, with a risk score of 59.4, driven by a predicted delay probability of 53.1% that aligns closely with the actual late rate of 53.1%, indicating a high degree of reliability in our predictive models. Specifically, the average shipping delay gap of 0.55 days suggests that when delays do occur, they are relatively short-lived, with shipments arriving less than a day behind schedule, which can be effectively mitigated with targeted contingency planning."
Central Africa,0.5779407,0.57960644,0.639833035,66.10750667,High Risk,"The Central Africa region poses a high risk to our supply chain, with a risk score of 66.1 and a predicted delay probability of 57.8%, which is closely aligned with the actual late rate of 58.0%, indicating a consistent and reliable forecast of potential disruptions. The average shipping delay gap of 0.64 days suggests that while delays are likely, they are relatively short in duration, providing a narrow window for mitigation strategies to be implemented and minimize the impact on our overall supply chain operations."
Central America,0.5471921,0.547545958,0.561942063,61.19516905,Medium Risk,"The Central America region poses a medium risk to our supply chain, with a risk score of 61.2/100, driven by a predicted delay probability of 54.7% that closely aligns with the actual late rate of 54.8%, indicating a moderate but reliable forecast of potential disruptions. The average shipping delay gap of 0.56 days suggests that when delays do occur, they are relatively brief, and our mitigation strategies should focus on addressing the frequency of delays rather than their duration to minimize the overall impact on our supply chain."
Central Asia,0.558018,0.553345389,0.64556962,64.5012631,High Risk,"The Central Asia region poses a significant delivery risk, with a predicted delay probability of 55.8% and an actual late rate of 55.3%, indicating a high likelihood of shipment disruptions that align closely with forecasted expectations. The average shipping delay gap of 0.65 days suggests that when delays do occur, they are relatively short-lived, but the overall risk score of 64.5/100 underscores the need for vigilant monitoring and mitigation strategies to minimize the impact of these disruptions on the supply chain."
East Africa,0.55638075,0.559395248,0.570734341,62.2824686,Medium Risk,"The East Africa region poses a medium risk to delivery timelines, with a predicted delay probability of 55.6% closely aligned with the actual late rate of 55.9%, indicating a high degree of accuracy in our predictive modeling. The average shipping delay gap of 0.57 days suggests that while delays are likely, they are relatively short in duration, with the region's logistics infrastructure and vendor performance contributing to a delay gap of less than one day on average."
East of USA,0.5584788,0.556616052,0.584815618,62.74023739,High Risk,"The East region of the USA poses a significant delivery risk, with a risk score of 62.7 and a predicted delay probability of 55.8%, which is closely aligned with the actual late rate of 55.7%, indicating a high likelihood of shipment delays. The average shipping delay gap of 0.58 days suggests that when delays do occur, they are relatively short, but the high frequency of delays still warrants close monitoring and mitigation strategies to minimize potential disruptions to the supply chain."
Eastern Asia,0.5430897,0.543269231,0.566483516,61.00244281,Medium Risk,"The Eastern Asia region poses a medium risk to our supply chain, with a risk score of 61.0, driven by a predicted delay probability of 54.3% that is closely aligned with the actual late rate of 54.3%, indicating a reliable forecasting model. The average shipping delay gap of 0.57 days suggests that while delays are likely, they are relatively short in duration, providing opportunity for proactive mitigation strategies to minimize the impact on our overall supply chain performance."
Eastern Europe,0.55754775,0.556632653,0.579846939,62.54025255,High Risk,"The Eastern Europe region poses a high risk to our supply chain, with a risk score of 62.5/100, driven by a predicted delay probability of 55.8% that closely aligns with the actual late rate of 55.7%, indicating a reliable forecast of potential disruptions. The average shipping delay gap of 0.58 days, although relatively minor, still necessitates close monitoring and contingency planning to mitigate the impact of delays, given the high likelihood of disruptions in this region."
North Africa,0.5472491,0.545173267,0.552289604,60.82780047,Medium Risk,"The North Africa region presents a medium risk profile with a risk score of 60.8, driven by a predicted delay probability of 54.7% that closely aligns with the actual late rate of 54.5%, indicating a high degree of accuracy in our forecasting models. The average shipping delay gap of 0.55 days suggests that while delays are likely, they are relatively short in duration, allowing for potential mitigation strategies to be implemented to minimize the impact of these disruptions on the overall supply chain."
Northern Europe,0.5412734,0.540441176,0.546875,60.21930801,Low Risk,"The Northern Europe region exhibits a low risk profile with a risk score of 60.2, driven by a predicted delay probability of 54.1% that closely aligns with the actual late rate of 54.0%, indicating a high degree of reliability in forecasting delivery disruptions. The average shipping delay gap of 0.55 days suggests that when delays do occur, they are relatively minor, with the region's logistics infrastructure and vendor management practices contributing to a contained and manageable impact on supply chain operations."
Oceania,0.5391565,0.540204966,0.556267245,60.39735121,Low Risk,"The Oceania region presents a low-risk profile with a risk score of 60.4, characterized by a predicted delay probability of 53.9% that closely aligns with the actual late rate of 54.0%, indicating a high degree of predictability in shipment delays. The average shipping delay gap of 0.56 days suggests that when delays do occur, they are relatively minor, with the region's logistics and supply chain operations demonstrating an ability to contain and minimize the impact of disruptions."
South America,0.5432625,0.543086709,0.556344158,60.69148555,Medium Risk,"The South America region poses a medium risk to our supply chain, with a risk score of 60.7, driven by a predicted delay probability of 54.3% that closely aligns with the actual late rate of 54.3%, indicating a high likelihood of shipping disruptions. Specifically, the average shipping delay gap of 0.56 days suggests that when delays do occur, they are relatively minimal, but the frequency of these delays contributes to the overall medium risk assessment for this region."
South Asia,0.56376654,0.562669771,0.597464752,63.57811241,High Risk,"The South Asia region poses a high risk to our supply chain, with a risk score of 63.6/100, driven by a predicted delay probability of 56.4% that closely aligns with the actual late rate of 56.3%, indicating a high likelihood of shipment disruptions. The average shipping delay gap of 0.60 days, although relatively minimal, still translates to a significant cumulative impact given the high frequency of delays, underscoring the need for vigilant monitoring and mitigation strategies to minimize the impact on our delivery timelines."
South of  USA ,0.55684125,0.557725587,0.579975278,62.54169188,High Risk,"The South region of the USA poses a high risk to our supply chain, with a risk score of 62.5/100, driven by a predicted delay probability of 55.7% that closely aligns with the actual late rate of 55.8%, indicating a reliable forecast of potential disruptions. The average shipping delay gap of 0.58 days, although relatively minimal, still suggests that deliveries in this region are nearly 56% likely to be delayed, resulting in a minor yet notable impact on our overall logistics timeline."
Southeast Asia,0.55462587,0.555299298,0.558234616,61.68459968,Medium Risk,"The Southeast Asia region presents a medium risk profile, with a risk score of 61.7, driven by a predicted delay probability of 55.5% that closely aligns with the actual late rate of 55.5%, indicating a high likelihood of shipments being delayed. The average shipping delay gap of 0.56 days suggests that while delays are probable, they are relatively short in duration, allowing for potential mitigation strategies to be implemented to minimize the impact of these disruptions on the supply chain."
Southern Africa,0.5277058,0.533275713,0.478824546,57.21773304,Low Risk,"In Southern Africa, the low risk category designation is supported by a relatively modest risk score of 57.2, which is further underscored by the predicted delay probability of 52.8% closely aligning with the actual late rate of 53.3%, indicating a high degree of accuracy in our predictive modeling. The average shipping delay gap of 0.48 days suggests that while delays do occur, they are relatively brief, with our data indicating that the region's logistics infrastructure is generally capable of recovering quickly from disruptions, thereby minimizing the impact on overall delivery times."
Southern Europe,0.54516554,0.543844767,0.515639911,59.54834661,Low Risk,"The Southern Europe region poses a relatively low risk to our supply chain, with a risk score of 59.5/100, and our data indicates that the predicted delay probability of 54.5% closely aligns with the actual late rate of 54.4%, suggesting a high degree of accuracy in our forecasting. The average shipping delay gap of 0.52 days is negligible, indicating that when delays do occur, they are typically brief, and our supply chain can likely absorb such minor disruptions without significant impact on overall operations."
US Center ,0.5504321,0.552403601,0.587226091,62.28620693,High Risk,"The US Center region presents a high-risk profile, with a risk score of 62.3, driven by a significant predicted delay probability of 55.0% that closely aligns with the actual late rate of 55.2%, indicating a high likelihood of shipments being delayed. The average shipping delay gap of 0.59 days suggests that when delays occur, they are relatively short, but the high frequency of delays still poses a substantial risk to timely delivery, warranting close monitoring and mitigation strategies."
West Africa,0.52901024,0.528409091,0.550595238,59.36044094,Low Risk,"In West Africa, the vendor risk report indicates a low risk category with a score of 59.4, driven by a predicted delay probability of 52.9% that closely aligns with the actual late rate of 52.8%, suggesting a high degree of reliability in forecasting delivery delays. The average shipping delay gap of 0.55 days is relatively minimal, implying that when delays do occur, they are typically short-lived and manageable, with the region's actual performance closely tracking predictive models."
West Asia,0.55149,0.552837411,0.569479115,61.80230906,Medium Risk,"The West Asia region poses a medium-level risk to our supply chain, with a risk score of 61.8 and a predicted delay probability of 55.1%, which is closely aligned with the actual late rate of 55.3%, indicating a relatively consistent and predictable risk profile. The average shipping delay gap of 0.57 days suggests that while delays do occur, they are relatively short-lived, and our logistics team can likely mitigate these disruptions with targeted contingency planning and proactive communication with vendors in the region."
West of USA ,0.5409816,0.539597148,0.557237583,60.5004328,Low Risk,"The West region of the USA is characterized by a low risk profile, with a risk score of 60.5, driven by a predicted delay probability of 54.1% that closely aligns with the actual late rate of 54.0%, indicating a high degree of accuracy in forecasting delivery disruptions. The average shipping delay gap of 0.56 days suggests that when delays do occur, they are relatively minor, with the region's logistics and transportation networks able to quickly recover and minimize the impact on overall supply chain performance."
Western Europe,0.5583651,0.558486112,0.597403076,63.18062026,High Risk,"The Western Europe region poses a high risk to our supply chain, with a risk score of 63.2/100, driven by a predicted delay probability of 55.8% that is mirrored by an actual late rate of 55.8%, indicating a high likelihood of disruptions to our delivery timelines. Specifically, shipments in this region can expect an average delay of 0.60 days, which, although relatively minimal, still has the potential to impact our just-in-time delivery model and overall customer satisfaction."
